{
  "engine": "SGCE_NF",
  "source_path": ".\\qrng\\anu_qrng_1M.csv",
  "source_sha256": "a8122916aa0740e3323bcd9ab48173d15f0d7da39b081599061ff4c545a52b33",
  "N": 1000000,
  "W_list": [
    2,
    4,
    8
  ],
  "kmax": 8,
  "Lmax": 256,
  "stability": {
    "S": 0.0005516533236633037,
    "details": {
      "per_scale": [
        {
          "W": 2,
          "pairs": [
            {
              "tv_bits": 8.000000000008e-06,
              "delta_H1": 1.6453927076387487e-07,
              "delta_H2": 9.72037637936296e-07,
              "delta_H3": 7.61634863177818e-07,
              "delta_H4": 6.447595075620427e-07,
              "delta_H5": 1.6763840182676404e-06,
              "delta_H6": 4.890154983172579e-06,
              "delta_H7": 1.476746740891599e-06,
              "delta_H8": 1.4892142994327173e-06,
              "delta_sf": 0.00010030664746442201,
              "delta_w1_geo_05": 6.533491145594653e-06,
              "delta_w1_geo_phat": 2.3737923831287965e-06
            }
          ]
        },
        {
          "W": 4,
          "pairs": [
            {
              "tv_bits": 0.00010399999999988196,
              "delta_H1": 2.1366097607833368e-06,
              "delta_H2": 5.362544386322554e-06,
              "delta_H3": 4.240462621041274e-06,
              "delta_H4": 1.3306437260940385e-05,
              "delta_H5": 2.4317454486499912e-05,
              "delta_H6": 4.352035230503759e-05,
              "delta_H7": 3.365007089950467e-05,
              "delta_H8": 5.268100424427047e-05,
              "delta_sf": 0.0005516533236633037,
              "delta_w1_geo_05": 5.734298132589223e-06,
              "delta_w1_geo_phat": 3.2608885412091786e-05
            },
            {
              "tv_bits": 0.00011199999999988997,
              "delta_H1": 2.303549799798077e-06,
              "delta_H2": 7.769755684616797e-06,
              "delta_H3": 7.472056273272187e-06,
              "delta_H4": 7.346520300544057e-06,
              "delta_H5": 1.0338670122678195e-05,
              "delta_H6": 6.171034323543267e-06,
              "delta_H7": 1.600509215293755e-05,
              "delta_H8": 6.118472730864966e-05,
              "delta_sf": 0.0004410508881460412,
              "delta_w1_geo_05": 3.778076726847863e-05,
              "delta_w1_geo_phat": 2.361121713215491e-05
            },
            {
              "tv_bits": 0.00010399999999988196,
              "delta_H1": 2.1414112937323537e-06,
              "delta_H2": 8.193482092355708e-06,
              "delta_H3": 1.775974329376595e-05,
              "delta_H4": 2.7004397585628226e-05,
              "delta_H5": 4.228872282130425e-05,
              "delta_H6": 6.574448744878225e-05,
              "delta_H7": 6.6050541093432e-05,
              "delta_H8": 6.25869706603055e-05,
              "delta_sf": 3.158131640844733e-05,
              "delta_w1_geo_05": 5.6750484711765026e-05,
              "delta_w1_geo_phat": 9.865427544527954e-06
            }
          ]
        },
        {
          "W": 8,
          "pairs": [
            {
              "tv_bits": 5.599999999994498e-05,
              "delta_H1": 1.1672875521728798e-06,
              "delta_H2": 6.029436477650307e-06,
              "delta_H3": 2.823096350113019e-05,
              "delta_H4": 4.828190643157981e-05,
              "delta_H5": 6.718237352831835e-05,
              "delta_H6": 8.080700570634036e-05,
              "delta_H7": 9.689627194564565e-05,
              "delta_H8": 9.560534862362857e-05,
              "delta_sf": 1.8080592629393655e-05,
              "delta_w1_geo_05": 5.82761248920545e-05,
              "delta_w1_geo_phat": 3.0337222000328674e-05
            },
            {
              "tv_bits": 9.600000000009601e-05,
              "delta_H1": 1.958958615544404e-06,
              "delta_H2": 4.29374084998102e-06,
              "delta_H3": 1.635818923340082e-05,
              "delta_H4": 3.411283808407717e-05,
              "delta_H5": 5.213092656397578e-05,
              "delta_H6": 4.9361183258156416e-05,
              "delta_H7": 6.826944875726326e-05,
              "delta_H8": 5.528588634007292e-06,
              "delta_sf": 0.00018141196478210775,
              "delta_w1_geo_05": 5.947111533742815e-06,
              "delta_w1_geo_phat": 6.337360621172516e-05
            },
            {
              "tv_bits": 4.0000000000040004e-05,
              "delta_H1": 8.097691599484591e-07,
              "delta_H2": 3.8427628563653116e-06,
              "delta_H3": 3.633261246083208e-06,
              "delta_H4": 6.062751256141752e-06,
              "delta_H5": 1.076615517625612e-05,
              "delta_H6": 6.637916771623509e-05,
              "delta_H7": 2.63183466273631e-05,
              "delta_H8": 2.9457926373765986e-06,
              "delta_sf": 0.0005053340345769763,
              "delta_w1_geo_05": 3.199535229801058e-05,
              "delta_w1_geo_phat": 3.295152805057628e-05
            },
            {
              "tv_bits": 5.6000000000056005e-05,
              "delta_H1": 1.1491894555959448e-06,
              "delta_H2": 4.573463907142639e-06,
              "delta_H3": 2.6938933639364393e-06,
              "delta_H4": 1.1477307877427734e-06,
              "delta_H5": 7.810040282052455e-06,
              "delta_H6": 1.3818950090005444e-05,
              "delta_H7": 8.841953306415462e-06,
              "delta_H8": 3.288385697963747e-05,
              "delta_sf": 4.750580905474311e-05,
              "delta_w1_geo_05": 2.614168437052979e-05,
              "delta_w1_geo_phat": 9.497749799933968e-06
            },
            {
              "tv_bits": 7.199999999996098e-05,
              "delta_H1": 1.5041224254996877e-06,
              "delta_H2": 2.5751229708603773e-06,
              "delta_H3": 6.106429584651352e-06,
              "delta_H4": 6.654655735793824e-06,
              "delta_H5": 4.466503786382248e-06,
              "delta_H6": 1.8846753235379765e-05,
              "delta_H7": 5.032104479774091e-06,
              "delta_H8": 5.774324201901493e-05,
              "delta_sf": 0.00017657590929821138,
              "delta_w1_geo_05": 5.808023310248638e-06,
              "delta_w1_geo_phat": 6.479490686348748e-06
            },
            {
              "tv_bits": 0.00011200000000000099,
              "delta_H1": 2.326818779652129e-06,
              "delta_H2": 8.349060985235468e-06,
              "delta_H3": 3.006670292693414e-05,
              "delta_H4": 4.7560159292636683e-05,
              "delta_H5": 6.222967485669528e-05,
              "delta_H6": 7.585020174616375e-05,
              "delta_H7": 8.785335380157022e-05,
              "delta_H8": 7.563637796437206e-05,
              "delta_sf": 0.0001318196068893565,
              "delta_w1_geo_05": 6.11879601564321e-05,
              "delta_w1_geo_phat": 2.328947109018413e-05
            },
            {
              "tv_bits": 5.6000000000056005e-05,
              "delta_H1": 1.1362622613919626e-06,
              "delta_H2": 2.277747272128039e-06,
              "delta_H3": 1.895673267160447e-05,
              "delta_H4": 3.5464204221291595e-05,
              "delta_H5": 4.567395740462388e-05,
              "delta_H6": 3.8433324203168695e-05,
              "delta_H7": 4.34601290759673e-05,
              "delta_H8": 4.250397512173265e-05,
              "delta_sf": 0.00024947903910032404,
              "delta_w1_geo_05": 1.4682715234405359e-05,
              "delta_w1_geo_phat": 5.982998991735638e-05
            }
          ]
        }
      ]
    }
  },
  "falsifiers": {
    "permutation": {
      "R": 200,
      "scores_summary": {
        "n": 200,
        "mean": 0.00449146786756351,
        "std": 0.0011403952283511733,
        "min": 0.0022560000000000358,
        "q25": 0.003682546656734731,