{
  "engine": "SGCE_NF",
  "source_path": ".\\qrng\\idq_qrng_1M.csv",
  "source_sha256": "2a449ffe546d8667227c1a25aa11a7552d5b5c6e170e04221e96a3a35ac8c97f",
  "N": 1000000,
  "W_list": [
    2,
    4,
    8
  ],
  "kmax": 8,
  "Lmax": 256,
  "stability": {
    "S": 0.00544,
    "details": {
      "per_scale": [
        {
          "W": 2,
          "pairs": [
            {
              "tv_bits": 0.0008219999999998784,
              "delta_H1": 2.585253411679922e-06,
              "delta_H2": 8.339956198311071e-06,
              "delta_H3": 1.4981890489096372e-05,
              "delta_H4": 2.3252872939139024e-05,
              "delta_H5": 3.6225599523653784e-05,
              "delta_H6": 5.838774860222884e-05,
              "delta_H7": 8.66122458358376e-05,
              "delta_H8": 0.00011102603060209049,
              "delta_sf": 0.000321451285150709,
              "delta_w1_geo_05": 7.317248099144032e-05,
              "delta_w1_geo_phat": 4.042770026510424e-05
            }
          ]
        },
        {
          "W": 4,
          "pairs": [
            {
              "tv_bits": 0.0011120000000000019,
              "delta_H1": 6.13476481459152e-06,
              "delta_H2": 8.024397103234548e-06,
              "delta_H3": 3.2335335831135126e-07,
              "delta_H4": 7.443653374128445e-06,
              "delta_H5": 2.0271268353688754e-05,
              "delta_H6": 2.8317737333694026e-05,
              "delta_H7": 2.1253563176060197e-06,
              "delta_H8": 2.1735347103479796e-05,
              "delta_sf": 0.0013803807078284214,
              "delta_w1_geo_05": 8.730625659296234e-05,
              "delta_w1_geo_phat": 0.00016007549172175004
            },
            {
              "tv_bits": 0.0018960000000000088,
              "delta_H1": 5.995896341759455e-06,
              "delta_H2": 1.187989630357933e-05,
              "delta_H3": 1.5594259916706932e-05,
              "delta_H4": 2.688903983871782e-05,
              "delta_H5": 3.127480352205225e-05,
              "delta_H6": 6.443407731104855e-05,
              "delta_H7": 9.640532782118072e-05,
              "delta_H8": 0.00019757797324349013,
              "delta_sf": 4.492824401070017e-05,
              "delta_w1_geo_05": 4.3129683455955716e-05,
              "delta_w1_geo_phat": 2.9485479159719165e-05
            },
            {
              "tv_bits": 0.0032600000000000406,
              "delta_H1": 2.520916597359424e-06,
              "delta_H2": 2.5363528775024236e-06,
              "delta_H3": 1.5724626424518107e-05,
              "delta_H4": 4.124408532435453e-05,
              "delta_H5": 6.46753577155934e-05,
              "delta_H6": 0.0001169915695760082,
              "delta_H7": 0.00018388920551437593,
              "delta_H8": 0.00030246667679101336,
              "delta_sf": 7.91398706918578e-05,
              "delta_w1_geo_05": 0.00028484895965854526,
              "delta_w1_geo_phat": 0.00013561020008507696
            }
          ]
        },
        {
          "W": 8,
          "pairs": [
            {
              "tv_bits": 0.0009600000000000719,
              "delta_H1": 8.376430929102341e-06,
              "delta_H2": 4.016334584111547e-05,
              "delta_H3": 7.232049975236521e-05,
              "delta_H4": 7.430593557744558e-05,
              "delta_H5": 8.813136115559672e-05,
              "delta_H6": 0.00012321636417400583,
              "delta_H7": 0.00023652442583266264,
              "delta_H8": 0.00020810184429009837,
              "delta_sf": 0.0019269760502285127,
              "delta_w1_geo_05": 0.00025650702161984285,
              "delta_w1_geo_phat": 6.738018434371436e-06
            },
            {
              "tv_bits": 0.0018559999999999688,
              "delta_H1": 1.1396074622083141e-05,
              "delta_H2": 1.3102431876577114e-05,
              "delta_H3": 1.0866989531344018e-05,
              "delta_H4": 2.5794568185855127e-05,
              "delta_H5": 5.994038098044996e-05,
              "delta_H6": 0.0001431949481425221,
              "delta_H7": 0.00031616100902098765,
              "delta_H8": 0.0004001607921511052,
              "delta_sf": 0.003569959031215486,
              "delta_w1_geo_05": 0.00019447415216284985,
              "delta_w1_geo_phat": 1.3187213541609154e-05
            },
            {
              "tv_bits": 0.0005279999999999729,
              "delta_H1": 1.2187891438308895e-06,
              "delta_H2": 3.202359428766677e-05,
              "delta_H3": 5.845778743118757e-05,
              "delta_H4": 5.372153458038653e-05,
              "delta_H5": 4.655525960739482e-05,
              "delta_H6": 2.3582499238727905e-05,
              "delta_H7": 0.0001095470928316189,
              "delta_H8": 0.000326037035880411,
              "delta_sf": 0.002001705695860667,
              "delta_w1_geo_05": 0.0005289529969855261,
              "delta_w1_geo_phat": 5.638474291142263e-05
            },
            {
              "tv_bits": 0.0009919999999999929,
              "delta_H1": 9.617354904678521e-07,
              "delta_H2": 5.351553387322738e-06,
              "delta_H3": 7.305086905162739e-06,
              "delta_H4": 7.651107057249362e-06,
              "delta_H5": 2.6179097067924317e-05,
              "delta_H6": 3.3833691701623536e-05,
              "delta_H7": 3.229964678652664e-05,
              "delta_H8": 7.001351061131089e-05,
              "delta_sf": 0.0021355769419257875,
              "delta_w1_geo_05": 3.782152935057114e-05,
              "delta_w1_geo_phat": 9.359796696330736e-05
            },
            {
              "tv_bits": 0.0023360000000000047,
              "delta_H1": 2.016698838558373e-05,
              "delta_H2": 4.1070929410524926e-05,
              "delta_H3": 5.9599450867420245e-05,
              "delta_H4": 7.742465961335654e-05,
              "delta_H5": 7.034704931641045e-05,
              "delta_H6": 4.602350343940742e-05,
              "delta_H7": 5.9940147846049285e-05,
              "delta_H8": 0.00013753670602678625,
              "delta_sf": 0.0018323988133623903,
              "delta_w1_geo_05": 4.6940634287539085e-05,
              "delta_w1_geo_phat": 3.636424079143477e-05
            },
            {
              "tv_bits": 0.00544,
              "delta_H1": 1.7580278187656617e-06,
              "delta_H2": 4.2223193719159724e-07,
              "delta_H3": 1.4615563764142081e-05,
              "delta_H4": 3.1175431089991434e-06,
              "delta_H5": 2.29068694679313e-05,
              "delta_H6": 8.300564940721955e-05,
              "delta_H7": 0.0002828214561310105,
              "delta_H8": 0.0006173156379087885,
              "delta_sf": 0.0019435180069964364,
              "delta_w1_geo_05": 6.297018366231537e-05,
              "delta_w1_geo_phat": 8.148348644465239e-05
            },
            {
              "tv_bits": 0.0020240000000000258,
              "delta_H1": 2.0603737785229725e-05,
              "delta_H2": 3.8575695977982605e-05,
              "delta_H3": 5.582272475423977e-05,
              "delta_H4": 4.3398887282553034e-05,
              "delta_H5": 9.155062752341792e-07,
              "delta_H6": 6.255730071202947e-05,
              "delta_H7": 0.00026010340281779065,
              "delta_H8": 0.0004112041767898589,
              "delta_sf": 0.0006056993740568561,
              "delta_w1_geo_05": 1.9865461065669897e-05,
              "delta_w1_geo_phat": 3.595707172333038e-05
            }
          ]
        }
      ]
    }
  },
  "falsifiers": {
    "permutation": {
      "R": 200,
      "scores_summary": {
        "n": 200,
        "mean": 0.004537445431133153,
        "std": 0.0011643804844147624,
        "min": 0.001787816143414278,
        "q25": 0.003745600682600436,
        "median": 0.0043960000000000665,