mode,invariant,orig,perm,block,orig_CI,pass_own,fail_non,verdict,bag,mix,time_reverse,symplectic_break,agent_shuffle,payoff_alter,local_preserve,aggregate_destroy
seq,acf1,0.7884480560788509,0.026567557934458315,0.7781296473003386,"[-0.04211407446871801, 0.040035194169650755]",False,False,CHECK,,,,,,,,
exch,"mean,var","[-0.06048953558773518, 1.7391978019392003]","[-0.06048953558773518, 1.7391978019392003]",,,True,True,HOLDS,"[-0.07413211327708465, 1.75347291875375]","[0.18951046441226488, 1.7961763651258236]",,,,,,
rev,energy_std,4.389789944063767e-06,,,,True,True,HOLDS,,,4.389789944063767e-06,0.01567960877194247,,,,
sim,eq_mean_density,0.5368214285714286,,,,True,False,CHECK,,,,,0.5368214285714286,0.5820178571428571,,
glob,equilibrium_A,0.49948952380952377,,,,True,False,CHECK,,,,,,,0.49948952380952377,0.4996473877009796
