{
  "engine": "SGCE_NF",
  "source_path": ".\\qrng\\nist_qrng_1M.csv",
  "source_sha256": "fc1f8c318f15cf4c8e12f95d98b330876998bf17b103ef871d337b6495c86659",
  "N": 1000000,
  "W_list": [
    2,
    4,
    8
  ],
  "kmax": 8,
  "Lmax": 256,
  "stability": {
    "S": 0.00013797593882713954,
    "details": {
      "per_scale": [
        {
          "W": 2,
          "pairs": [
            {
              "tv_bits": 1.999999999946489e-06,
              "delta_H1": 3.8375603139684245e-07,
              "delta_H2": 5.999416023971804e-07,
              "delta_H3": 7.370234420545074e-06,
              "delta_H4": 1.3243950729435738e-05,
              "delta_H5": 5.310446794304369e-06,
              "delta_H6": 8.850410164740197e-07,
              "delta_H7": 1.5167164415963441e-05,
              "delta_H8": 1.6980659069965043e-05,
              "delta_sf": 2.960725903592646e-05,
              "delta_w1_geo_05": 1.1369588326518368e-05,
              "delta_w1_geo_phat": 3.3388575293447076e-07
            }
          ]
        },
        {
          "W": 4,
          "pairs": [
            {
              "tv_bits": 4.799999999993698e-05,
              "delta_H1": 9.209866537407407e-06,
              "delta_H2": 1.9601407478475608e-05,
              "delta_H3": 3.3677306266799434e-05,
              "delta_H4": 4.044170666395175e-05,
              "delta_H5": 4.550545745551915e-05,
              "delta_H6": 5.197803445966542e-05,
              "delta_H7": 6.182638281426733e-05,
              "delta_H8": 8.156632310729606e-05,
              "delta_sf": 2.4691646343665517e-05,
              "delta_w1_geo_05": 6.384448898176347e-06,
              "delta_w1_geo_phat": 4.1421767719616e-06
            },
            {
              "tv_bits": 2.799999999991698e-05,
              "delta_H1": 5.374045120243309e-06,
              "delta_H2": 1.2540312159803335e-05,
              "delta_H3": 2.680216584893813e-05,
              "delta_H4": 3.6708443464039675e-05,
              "delta_H5": 2.9790122440864764e-05,
              "delta_H6": 2.5921586664701124e-05,
              "delta_H7": 1.2462696916237803e-05,
              "delta_H8": 4.355977926806531e-06,
              "delta_sf": 3.474582781645198e-05,
              "delta_w1_geo_05": 1.5180899582338363e-05,
              "delta_w1_geo_phat": 1.4699562166098357e-06
            },
            {
              "tv_bits": 1.2000000000012001e-05,
              "delta_H1": 2.302605744741726e-06,
              "delta_H2": 4.272722331943868e-06,
              "delta_H3": 5.87736632962077e-06,
              "delta_H4": 6.61786376321416e-06,
              "delta_H5": 3.018183489800208e-06,
              "delta_H6": 2.1371224496746777e-06,
              "delta_H7": 1.1767674578777587e-05,
              "delta_H8": 6.282848237582073e-05,
              "delta_sf": 3.4152905923924386e-05,
              "delta_w1_geo_05": 1.238218678599294e-06,
              "delta_w1_geo_phat": 5.344568917986514e-07
            }
          ]
        },
        {
          "W": 8,
          "pairs": [
            {
              "tv_bits": 1.6000000000016e-05,
              "delta_H1": 3.06772972447078e-06,
              "delta_H2": 6.682314325878735e-06,
              "delta_H3": 1.2183052460201793e-06,
              "delta_H4": 2.2119803809506067e-05,
              "delta_H5": 5.12592534454015e-05,
              "delta_H6": 8.177716293111814e-05,
              "delta_H7": 0.00013547058734442174,
              "delta_H8": 0.00013797593882713954,
              "delta_sf": 0.00011837570760287689,
              "delta_w1_geo_05": 2.217490099440736e-06,
              "delta_w1_geo_phat": 2.0044694191700962e-06
            },
            {
              "tv_bits": 5.599999999994498e-05,
              "delta_H1": 1.0743545918012742e-05,
              "delta_H2": 2.5080997529958182e-05,
              "delta_H3": 3.2896781061442226e-05,
              "delta_H4": 2.148211069830097e-05,
              "delta_H5": 1.301278192844535e-05,
              "delta_H6": 8.712664914867219e-06,
              "delta_H7": 4.380531020586886e-06,
              "delta_H8": 2.1626157442611316e-05,
              "delta_sf": 8.400733741982394e-05,
              "delta_w1_geo_05": 1.2121304008580816e-05,
              "delta_w1_geo_phat": 8.150434771619919e-06
            },
            {
              "tv_bits": 0.0,
              "delta_H1": 0.0,
              "delta_H2": 6.496115769527577e-06,
              "delta_H3": 2.9294706087590328e-06,
              "delta_H4": 2.7409742200390497e-06,
              "delta_H5": 1.3559613591951347e-06,
              "delta_H6": 9.996271259637979e-06,
              "delta_H7": 2.0839304527342506e-05,
              "delta_H8": 1.95466442285408e-05,
              "delta_sf": 9.406382292000137e-09,
              "delta_w1_geo_05": 1.1733288311943646e-05,
              "delta_w1_geo_phat": 7.549449160482169e-06
            },
            {
              "tv_bits": 0.0,
              "delta_H1": 0.0,
              "delta_H2": 4.823913266172042e-06,
              "delta_H3": 1.455691189811148e-07,
              "delta_H4": 2.7814098557676914e-06,
              "delta_H5": 2.710472182521073e-05,
              "delta_H6": 4.050200006577853e-05,
              "delta_H7": 6.094436260806191e-05,
              "delta_H8": 8.38813017498552e-05,
              "delta_sf": 3.184646417277127e-05,
              "delta_w1_geo_05": 6.466726080915988e-07,
              "delta_w1_geo_phat": 5.077872975369543e-06
            },
            {
              "tv_bits": 5.599999999994498e-05,
              "delta_H1": 1.0743545918012742e-05,
              "delta_H2": 2.599990942164787e-05,
              "delta_H3": 4.4645303053147956e-05,
              "delta_H4": 6.409472136637007e-05,
              "delta_H5": 0.00010046931513230106,
              "delta_H6": 0.00011045773573759021,
              "delta_H7": 9.891459310207296e-05,
              "delta_H8": 0.00011833106037073549,
              "delta_sf": 1.9338655225181658e-05,
              "delta_w1_geo_05": 1.4858508027838953e-05,
              "delta_w1_geo_phat": 6.614717326806734e-06
            },
            {
              "tv_bits": 7.199999999996098e-05,
              "delta_H1": 1.3816469165206513e-05,
              "delta_H2": 2.8795513567159148e-05,
              "delta_H3": 4.474181763658436e-05,
              "delta_H4": 6.269755027998869e-05,
              "delta_H5": 8.844963541587703e-05,
              "delta_H6": 0.00010125984076481132,
              "delta_H7": 9.133431353536281e-05,
              "delta_H8": 3.837024277331125e-05,
              "delta_sf": 8.447534733200483e-05,
              "delta_w1_geo_05": 7.429602456189739e-06,
              "delta_w1_geo_phat": 4.610365319346332e-06
            },
            {
              "tv_bits": 6.399999999995298e-05,
              "delta_H1": 1.2282789784601178e-05,
              "delta_H2": 2.3048101717382252e-05,
              "delta_H3": 3.309378618698844e-05,
              "delta_H4": 4.0090883052901205e-05,
              "delta_H5": 6.662720306671588e-05,
              "delta_H6": 7.580901909687299e-05,
              "delta_H7": 9.630872940746826e-05,
              "delta_H8": 7.865615647428825e-05,
              "delta_sf": 1.1532805510188794e-06,
              "delta_w1_geo_05": 2.47637928395706e-06,
              "delta_w1_geo_phat": 1.0689149794740338e-06
            }
          ]
        }
      ]
    }
  },
  "falsifiers": {
    "permutation": {
      "R": 200,
      "scores_summary": {
        "n": 200,
        "mean": 0.005732608221205351,
        "std": 0.0014818384136997265,
        "min": 0.0021949059881043453,
        "q25": 0.004582056527609568,
        "median": 0.005619227167283469,
        "q75": 0.006678686354194108,